City,Cloudiness,Country,Date,Humidity,Lat,Lng,Max Temp,Wind Speed
Georgetown,0,GY,1559791814,94,6.8,-58.16,77.0,4.7
Puerto Ayora,10,EC,1559791850,92,-0.74,-90.35,73.99,11.01
Sao Filipe,0,CV,1559791850,84,14.9,-24.5,73.94,11.32
Albany,90,US,1559791850,88,42.65,-73.75,66.99,3.36
Cherskiy,100,RU,1559791850,36,68.75,161.3,44.96,7.0
Yashkul,100,RU,1559791851,38,46.17,45.34,72.5,11.18
Kodar,27,IN,1559791851,34,16.98,79.97,99.86,9.57
Barrow,100,AR,1559791851,91,-38.31,-60.23,53.42,8.08
Paramonga,12,PE,1559791851,95,-10.68,-77.82,61.16,9.75
Panjakent,75,UZ,1559791851,72,39.5,67.61,66.2,13.87
Nanortalik,100,GL,1559791851,67,60.14,-45.24,39.92,27.04
Iqaluit,90,CA,1559791852,67,63.75,-68.52,39.2,18.34
Bluff,100,AU,1559791852,33,-23.58,149.07,69.44,18.43
Fairbanks,75,US,1559791840,48,64.84,-147.72,64.99,10.29
Thompson,75,CA,1559791852,81,55.74,-97.86,53.6,3.36
Ust-Tsilma,96,RU,1559791853,85,65.44,52.15,47.48,10.38
New Norfolk,75,AU,1559791853,48,-42.78,147.06,60.8,13.87
Ritchie,0,ZA,1559791853,55,-29.03,24.6,39.2,3.09
Viransehir,99,TR,1559791853,24,37.24,39.76,75.02,3.2
Vestmannaeyjar,35,IS,1559791854,59,63.44,-20.27,46.58,21.12
Saskylakh,0,RU,1559791854,31,71.97,114.09,52.16,8.63
Bredasdorp,23,ZA,1559791854,87,-34.53,20.04,48.2,9.17
Merauke,100,ID,1559791854,80,-8.49,140.4,81.68,26.75
Mahebourg,75,MU,1559791855,78,-20.41,57.7,73.4,17.22
Geraldton,40,CA,1559791855,58,49.72,-86.95,53.6,3.36
Avarua,0,CK,1559791855,78,-21.21,-159.78,75.2,13.87
Tasiilaq,0,GL,1559791855,92,65.61,-37.64,28.4,3.36
Mataura,98,NZ,1559791771,77,-46.19,168.86,47.48,8.59
Chokurdakh,2,RU,1559791856,38,70.62,147.9,46.22,7.2
Aberdeen,0,US,1559791678,44,45.47,-98.49,72.0,8.1
Bloomingdale,90,US,1559791801,93,41.96,-88.08,68.0,4.7
Dicabisagan,52,PH,1559791856,43,17.08,122.42,95.54,2.51
Silifke,0,TR,1559791856,50,36.38,33.93,62.42,2.84
Hilo,90,US,1559791593,74,19.71,-155.08,78.8,4.7
Grindavik,0,IS,1559791856,69,63.84,-22.43,39.2,18.34
Yellowknife,75,CA,1559791584,61,62.45,-114.38,46.4,18.34
Punta Arenas,75,CL,1559791856,73,-53.16,-70.91,39.2,19.46
Busselton,100,AU,1559791857,12,-33.64,115.35,70.0,39.59
Praya,20,ID,1559791857,55,-8.71,116.27,87.8,4.7
Carnarvon,10,ZA,1559791857,78,-30.97,22.13,39.74,8.12
Arraial do Cabo,55,BR,1559791857,66,-22.97,-42.02,69.8,3.44
Cidreira,29,BR,1559791857,78,-30.17,-50.22,64.76,13.33
San Patricio,0,PY,1559791857,80,-26.98,-56.83,58.28,9.35
Hastings,6,NZ,1559791858,64,-39.64,176.84,53.24,13.82
Ushuaia,0,AR,1559791858,56,-54.81,-68.31,44.6,16.11
Roald,16,NO,1559791858,93,62.58,6.12,51.8,5.82
Teya,5,MX,1559791858,55,21.05,-89.07,89.6,20.8
Fort-Shevchenko,96,KZ,1559791858,53,44.51,50.26,71.78,18.95
Aloleng,98,PH,1559791858,66,16.13,119.78,87.26,3.49
Yatou,75,CM,1559791859,94,3.63,9.81,73.4,14.05
Ketchikan,20,US,1559791596,48,55.34,-131.65,60.8,16.11
Dzhebariki-Khaya,91,RU,1559791859,42,62.22,135.8,75.74,5.41
Port Elizabeth,90,US,1559791859,94,39.31,-74.98,73.4,5.82
Vaini,75,IN,1559791859,88,15.34,74.49,77.0,4.7
Nikolskoye,0,RU,1559791859,77,59.7,30.79,68.0,2.24
Antofagasta,90,CL,1559791859,67,-23.65,-70.4,59.0,8.05
Atuona,2,PF,1559791860,78,-9.8,-139.03,82.22,19.71
Alyangula,40,AU,1559791623,56,-13.85,136.42,73.4,11.41
Lorengau,98,PG,1559791860,83,-2.02,147.27,83.66,5.57
Boa Vista,40,BR,1559791861,88,2.82,-60.67,78.8,2.24
Kapaa,75,US,1559791730,78,22.08,-159.32,86.0,13.87
Faya,0,SA,1559791861,31,18.39,42.45,64.4,5.39
Richards Bay,60,ZA,1559791862,73,-28.77,32.06,71.96,14.76
Kaitangata,99,NZ,1559791862,54,-46.28,169.85,51.01,14.0
Penapolis,0,BR,1559791701,87,-21.42,-50.08,57.74,9.98
Pisco,90,PE,1559791862,82,-13.71,-76.2,62.6,10.29
Upernavik,100,GL,1559791862,72,72.79,-56.15,39.38,3.44
Fortuna,0,ES,1559791862,29,38.18,-1.13,68.0,10.29
Hobart,75,AU,1559791664,48,-42.88,147.33,60.8,13.87
Rikitea,100,PF,1559791634,85,-23.12,-134.97,77.0,13.69
Jamestown,0,AU,1559791863,45,-33.21,138.6,56.84,5.95
Homer,1,US,1559791863,76,59.64,-151.54,66.0,13.87
Vestmanna,100,FO,1559791864,100,62.16,-7.17,42.8,11.41
Faanui,17,PF,1559791864,81,-16.48,-151.75,81.32,18.34
Lagoa,0,PT,1559791864,67,37.14,-8.45,59.0,6.93
Nelson Bay,20,AU,1559791865,45,-32.72,152.14,66.0,16.11
Rio Gallegos,90,AR,1559791594,70,-51.62,-69.22,35.6,9.17
Rawson,62,AR,1559791865,39,-43.3,-65.11,53.24,16.93
Kodiak,1,US,1559791865,57,39.95,-94.76,79.0,3.36
San Quintin,86,PH,1559791865,57,17.54,120.52,92.12,7.4
Constitucion,5,MX,1559791865,20,23.99,-104.67,77.0,11.41
Dondo,0,MZ,1559791865,93,-19.62,34.74,60.8,2.24
Itarare,0,BR,1559791817,91,-24.11,-49.33,54.14,8.19
Intipuca,20,SV,1559791866,73,13.2,-88.05,86.0,12.8
Umm Lajj,0,SA,1559791866,71,25.02,37.27,86.9,13.87
Severo-Kurilsk,99,RU,1559791866,97,50.68,156.12,41.18,10.76
Pangai,20,TO,1559791567,69,-19.8,-174.35,82.4,6.93
Arlington,90,US,1559791693,83,38.89,-77.08,75.2,14.99
Klaksvik,80,FO,1559791866,100,62.23,-6.59,42.8,11.41
Saldanha,0,PT,1559791867,82,41.42,-6.55,43.16,1.23
Paamiut,100,GL,1559791867,72,61.99,-49.67,40.28,23.55
Cabo San Lucas,5,MX,1559791631,77,22.89,-109.91,75.2,9.17
Chuy,78,UY,1559791867,74,-33.69,-53.46,63.5,19.17
Victoria,75,BN,1559791867,75,5.28,115.24,91.4,3.36
Jodiya,0,IN,1559791868,65,22.69,70.31,91.0,16.37
Terrace Bay,47,CA,1559791868,56,48.78,-87.1,50.18,4.07
Batemans Bay,0,AU,1559791869,50,-35.71,150.18,64.99,5.99
Yar-Sale,100,RU,1559791869,91,66.83,70.83,36.86,11.59
Ilulissat,8,GL,1559791869,60,69.22,-51.1,39.2,10.54
Maumere,66,ID,1559791869,65,-8.63,122.22,82.4,4.76
Macapa,20,BR,1559791869,100,0.05,-51.07,77.0,4.7
Khatanga,15,RU,1559791869,46,71.98,102.47,58.64,4.59
Wilmington,90,US,1559791870,88,39.75,-75.55,73.0,5.82
Clarence Town,20,AU,1559791870,45,-32.59,151.78,66.99,16.11
Price,1,US,1559791737,21,39.6,-110.81,71.6,10.29
Vila Franca do Campo,75,PT,1559791870,93,37.72,-25.43,64.4,14.99
Kamojima,40,JP,1559791870,65,34.07,134.35,89.01,6.93
Necochea,100,AR,1559791825,91,-38.55,-58.74,53.42,7.76
Cap Malheureux,75,MU,1559791871,78,-19.98,57.61,73.4,17.22
Itarema,61,BR,1559791871,88,-2.92,-39.92,76.64,5.97
Mersing,100,MY,1559791871,92,2.43,103.84,77.9,0.98
Port Alfred,6,ZA,1559791871,80,-33.59,26.89,55.0,8.01
Menongue,0,AO,1559791871,49,-14.66,17.68,46.94,2.48
Krasnaya Gorka,79,RU,1559791871,73,55.19,56.67,55.94,4.68
Tongliao,70,CN,1559791871,35,43.61,122.27,83.48,16.13
Mweka,0,CD,1559791872,57,-4.85,21.56,63.68,1.63
Alofi,75,NU,1559791872,83,-19.06,-169.92,80.6,9.17
Hithadhoo,35,MV,1559791872,80,-0.6,73.08,84.2,10.74
Mar del Plata,100,AR,1559791872,60,-46.43,-67.52,46.04,10.07
Adrar,76,DZ,1559791872,17,27.87,-0.29,84.2,9.17
Mugur-Aksy,57,RU,1559791872,30,50.38,90.44,48.74,4.9
Hermanus,90,ZA,1559791873,91,-34.42,19.24,48.99,19.55
Marathon,7,CA,1559791873,64,48.72,-86.38,49.28,2.13
Micheweni,3,TZ,1559791873,75,-4.97,39.83,80.06,15.01
Tiksi,0,RU,1559791873,68,71.64,128.87,34.7,9.42
Viedma,100,AR,1559791873,39,-40.81,-62.99,60.44,17.56
Cape Town,75,ZA,1559791631,81,-33.93,18.42,54.0,18.34
Margate,75,AU,1559791873,48,-43.03,147.26,60.8,13.87
Bambous Virieux,75,MU,1559791874,78,-20.34,57.76,73.4,17.22
Nago,1,IT,1559791874,93,45.88,10.89,68.0,3.36
Tomatlan,19,MX,1559791874,81,19.93,-105.25,75.38,5.37
Isiro,100,CD,1559791874,98,2.77,27.62,65.3,1.19
Talnakh,0,RU,1559791874,75,69.49,88.39,41.0,6.71
Butaritari,55,KI,1559791874,79,3.07,172.79,85.1,16.11
Parana,0,BR,1559791874,79,-7.52,-72.89,71.78,1.45
Valle Hermoso,1,MX,1559791875,94,25.67,-97.82,82.99,6.93
Chimbote,0,PE,1559791875,90,-9.08,-78.59,62.96,13.8
Port Lincoln,0,AU,1559791875,59,-34.72,135.86,56.84,8.88
Komsomolskoye,54,UA,1559791875,85,45.02,34.02,67.1,3.49
Saint-Philippe,90,CA,1559791875,77,45.36,-73.48,61.0,2.24
Berlevag,0,NO,1559791875,81,70.86,29.09,44.6,2.24
Houma,5,CN,1559791876,46,35.63,111.36,78.44,6.51
Taiobeiras,15,BR,1559791876,92,-15.81,-42.23,58.82,5.64
Burgeo,11,CA,1559791876,96,47.61,-57.61,43.16,11.48
Dali,21,CN,1559791876,50,25.6,100.24,73.58,5.86
Khandyga,98,RU,1559791876,39,62.65,135.58,74.12,6.6
Kailua,90,US,1559791765,69,21.39,-157.74,86.0,11.41
Marawi,100,PH,1559791876,77,8.0,124.29,84.0,7.0
Sitka,10,US,1559791877,79,37.17,-99.65,70.0,1.99
Acajutla,74,SV,1559791877,68,13.59,-89.83,86.36,7.47
Broken Hill,0,AU,1559791877,57,-31.97,141.45,50.0,14.99
Kangaatsiaq,66,GL,1559791877,65,68.31,-53.46,41.0,15.32
Ephrata,1,US,1559791877,48,47.32,-119.55,64.4,5.82
Amot,37,NO,1559791877,93,59.57,7.99,53.01,3.2
Touros,20,BR,1559791878,94,-5.2,-35.46,73.4,2.24
Kurchum,100,KZ,1559791878,69,48.57,83.65,56.48,4.9
Aklavik,40,CA,1559791878,25,68.22,-135.01,62.6,8.05
Ribeira Grande,79,PT,1559791878,90,38.52,-28.7,65.3,15.32
Barcelona,20,ES,1559791860,82,41.38,2.18,64.0,3.36
Narsaq,100,GL,1559791878,75,60.91,-46.05,42.8,4.7
Tingi,83,TZ,1559791878,86,-11.3,35.03,63.68,3.44
East London,0,ZA,1559791879,81,-33.02,27.91,50.0,13.87
Provideniya,40,RU,1559791879,81,64.42,-173.23,44.6,13.42
Pontianak,75,ID,1559791879,70,-0.02,109.34,87.8,8.7
Lodja,0,CD,1559791879,68,-3.52,23.6,65.84,1.12
Bridlington,100,GB,1559791879,87,54.08,-0.19,52.0,3.36
Zheleznodorozhnyy,0,RU,1559791879,67,55.75,38.0,68.0,3.06
Lom Sak,20,TH,1559791880,70,16.78,101.24,86.0,2.24
Southbridge,90,US,1559791880,94,42.08,-72.03,70.0,9.17
Lulea,99,SE,1559791880,81,65.58,22.15,51.8,3.36
Vardo,1,US,1559791880,88,39.62,-77.74,73.0,4.7
Hasaki,75,JP,1559791880,58,35.73,140.83,91.0,10.29
Nsoko,0,ZA,1559791880,87,-27.07,31.93,59.0,1.12
Salalah,40,OM,1559791881,74,17.01,54.1,86.0,4.7
Dauphin,1,CA,1559791881,87,51.15,-100.04,57.2,4.7
Balkhash,75,KZ,1559791881,63,46.84,74.98,64.4,17.9
Broome,100,GB,1559791881,93,52.47,1.45,54.0,5.82
Coquimbo,0,CL,1559791881,93,-29.95,-71.34,54.0,3.36
Baherden,9,TM,1559791881,28,38.44,57.43,77.36,2.77
Te Anau,93,NZ,1559791882,88,-45.41,167.72,38.66,4.45
Regeneracao,0,BR,1559791882,65,-6.24,-42.69,73.58,2.55
San Cristobal,90,EC,1559791882,93,-0.39,-78.55,57.2,3.36
Xam Nua,26,LA,1559791882,52,20.42,104.04,82.94,3.76
College,90,US,1559791882,39,64.86,-147.8,64.99,1.79
Mount Gambier,90,AU,1559791883,76,-37.83,140.78,55.4,8.05
Grand Baie,75,MU,1559791883,78,-20.02,57.58,73.4,17.22
Ahipara,22,NZ,1559791883,94,-35.17,173.16,60.01,25.03
Nome,90,US,1559791883,94,30.04,-94.42,78.8,8.05
Quimper,0,FR,1559791883,100,48.0,-4.1,51.01,2.24
Turukhansk,92,RU,1559791883,51,65.8,87.96,62.06,4.34
Borzya,4,RU,1559791884,50,50.39,116.53,59.36,4.59
Riyadh,5,SA,1559791653,17,24.63,46.72,82.4,2.24
Nantucket,90,US,1559791884,82,41.28,-70.1,66.2,14.99
Wahiawa,20,US,1559791884,65,21.5,-158.02,86.0,11.41
Naze,75,NG,1559791884,94,5.43,7.07,71.6,6.29
Lodwar,3,KE,1559791884,53,3.12,35.6,82.22,1.36
Cao Bang,83,VN,1559791884,77,22.67,106.25,82.4,5.53
Norman Wells,75,CA,1559791885,66,65.28,-126.83,48.2,8.05
Brunico,0,IT,1559791885,93,46.8,11.94,60.8,12.75
Anzio,0,IT,1559791885,87,41.45,12.63,63.0,4.7
Brewster,90,US,1559791885,82,41.76,-70.08,66.2,14.99
Kashiwazaki,100,JP,1559791885,69,37.37,138.57,75.0,1.99
Ponta do Sol,0,BR,1559791885,96,-20.63,-46.0,51.98,6.17
Dikson,0,RU,1559791886,90,73.51,80.55,32.54,2.28
Wenling,100,CN,1559791886,79,28.38,121.38,91.99,1.01
Tuktoyaktuk,20,CA,1559791886,53,69.44,-133.03,51.8,16.11
Dalvik,0,SE,1559791886,82,57.79,14.13,62.6,4.7
Krasnogvardeyskoye,17,RU,1559791886,77,45.84,41.51,61.52,12.64
Thoen,100,TH,1559791886,47,17.61,99.22,91.04,1.14
Havre-Saint-Pierre,20,CA,1559791887,93,50.23,-63.6,42.8,8.05
Sao Paulo de Olivenca,50,BR,1559791887,98,-3.38,-68.87,72.68,1.72
Chaman,0,AF,1559791887,17,30.92,66.46,80.96,8.43
Hami,54,CN,1559791887,19,42.84,93.51,81.32,5.17
Baiyin,0,CN,1559791887,43,36.55,104.13,69.8,4.47
Mentougou,40,CN,1559791887,73,39.94,116.09,77.0,11.18
Los Llanos de Aridane,90,ES,1559791887,68,28.66,-17.92,68.0,14.99
Tilichiki,2,RU,1559791888,54,60.47,166.1,56.12,11.9
Billings,20,US,1559791710,31,45.79,-108.5,75.2,9.17
Makueni,100,KE,1559791888,83,-1.8,37.62,62.06,1.97
Vao,0,EE,1559791888,81,59.1,26.19,64.94,3.83
Lavrentiya,92,RU,1559791888,53,65.58,-170.99,56.12,7.25
Volot,0,RU,1559791888,90,57.93,30.71,64.04,2.95
Avera,1,US,1559791889,100,33.19,-82.53,73.4,5.82
Ramanuj Ganj,92,IN,1559791889,25,23.81,83.7,100.94,3.78
Qiongshan,20,CN,1559791889,66,20.01,110.35,91.4,13.42
Camacha,20,PT,1559791889,63,33.08,-16.33,64.4,10.29
Jaisalmer,0,IN,1559791889,37,26.91,70.91,96.08,11.83
Antalaha,78,MG,1559791889,99,-14.9,50.28,62.24,3.85
Cockburn Town,0,TC,1559791599,79,21.46,-71.14,81.5,13.24
Chhindwara,22,IN,1559791890,15,22.06,78.94,100.04,16.11
Tahe,3,CN,1559791890,34,52.34,124.71,75.02,6.76
Clyde River,92,CA,1559791890,75,70.47,-68.59,33.98,7.63
Raudeberg,15,NO,1559791890,87,61.99,5.14,50.0,3.36
Telimele,100,GN,1559791890,98,10.9,-13.03,71.78,2.55
Coihaique,0,CL,1559791890,87,-45.58,-72.07,42.8,6.93
Zhangye,58,CN,1559791890,20,38.94,100.46,72.86,7.2
Sola,0,FI,1559791891,82,62.78,29.36,60.8,3.36
Nhulunbuy,90,AU,1559791891,64,-12.18,136.78,75.2,17.22
Minas,0,UY,1559791891,76,-34.38,-55.24,57.2,9.17
Sheridan,75,US,1559791891,55,39.65,-105.03,64.4,13.87
San Policarpo,100,PH,1559791891,72,12.18,125.51,85.82,9.93
Katsuura,40,JP,1559791892,65,33.93,134.5,84.2,6.93
Inhambane,0,MZ,1559791892,91,-23.87,35.38,59.18,5.59
Otane,6,NZ,1559791892,73,-39.89,176.62,52.0,11.99
Puerto del Rosario,90,ES,1559791892,68,28.5,-13.86,68.0,16.11
Saint-Augustin,75,FR,1559791892,93,44.83,-0.61,51.01,2.24
Sao Felix do Xingu,1,BR,1559791892,82,-6.64,-51.99,71.6,3.49
Husavik,100,CA,1559791892,47,50.56,-96.99,63.0,3.0
Santiago del Estero,0,AR,1559791661,60,-27.8,-64.26,65.84,13.4
Madimba,75,CM,1559791893,94,4.42,9.93,73.4,1.88
Mount Isa,0,AU,1559791893,25,-20.73,139.49,66.2,14.99
Lompoc,1,US,1559791874,87,34.64,-120.46,64.4,6.93
Jinchang,24,CN,1559791893,19,38.52,102.19,72.32,5.5
Praia da Vitoria,75,PT,1559791893,93,38.73,-27.07,66.2,19.66
Watertown,1,US,1559791828,59,44.9,-97.12,69.01,3.36
Lusambo,0,CD,1559791893,57,-4.97,23.44,62.6,1.41
Dabat,99,ET,1559791894,62,12.98,37.77,73.04,3.02
Bahna,20,UA,1559791894,93,48.22,25.24,60.8,4.47
Esperance,20,TT,1559791894,83,10.24,-61.45,79.0,10.29
Yulara,0,AU,1559791894,33,-25.24,130.99,57.2,18.34
Daru,100,SL,1559791894,99,7.99,-10.85,71.6,1.45
Statesboro,1,US,1559791832,94,32.45,-81.78,73.4,5.82
Kinshasa,40,CD,1559791894,88,-4.32,15.31,71.6,4.7
Dindori,40,IN,1559791895,19,22.94,81.08,99.68,6.29
Uva,100,RU,1559791895,93,56.98,52.19,59.0,5.01
Truth or Consequences,1,US,1559791895,46,33.13,-107.25,71.01,9.17
Praia,0,BR,1559791895,76,-20.25,-43.81,55.4,4.7
Kerchevskiy,28,RU,1559791895,89,59.95,56.29,57.38,2.62
Rohatyn,75,UA,1559791895,100,49.41,24.61,62.6,6.71
Saint Anthony,1,US,1559791895,32,43.97,-111.68,71.6,10.29
Luderitz,36,NA,1559791896,71,-26.65,15.16,55.4,14.99
Hambantota,40,LK,1559791896,79,6.12,81.12,87.8,12.75
Gao,11,ML,1559791896,8,16.28,-0.04,90.14,4.7
Zyryanovsk,59,KZ,1559791896,64,49.74,84.27,61.34,5.61
Bethel,20,US,1559791897,48,60.79,-161.76,64.4,18.34
Srednekolymsk,53,RU,1559791897,48,67.46,153.71,48.92,15.14
Ridgecrest,75,US,1559791685,19,35.62,-117.67,91.4,8.05
Susangerd,0,IR,1559791897,58,31.56,48.19,86.0,4.7
Zyryanka,11,RU,1559791897,41,65.73,150.89,56.48,10.16
Nishihara,75,JP,1559791898,35,35.74,139.53,91.0,9.17
Bilma,47,NE,1559791898,18,18.69,12.92,90.14,9.42
Correntina,24,BR,1559791898,68,-13.34,-44.63,69.08,6.4
Galle,1,US,1559791898,100,29.74,-97.91,82.0,3.36
Mendi,100,ET,1559791898,93,9.8,35.1,66.02,3.47
Soyo,91,AO,1559791899,83,-6.13,12.37,75.38,7.52
Mabaruma,100,GY,1559791899,98,8.2,-59.78,73.58,2.57
Solano,31,PH,1559791899,43,16.52,121.18,83.48,4.41
Nogliki,11,RU,1559791899,68,51.8,143.14,51.98,10.83
Ulkan,60,RU,1559791900,58,57.24,107.32,61.7,1.81
Calatayud,0,ES,1559791900,67,41.35,-1.64,59.0,4.7
Hofn,100,IS,1559791900,83,64.25,-15.21,28.76,19.53
Codrington,0,AU,1559791900,49,-28.95,153.24,69.8,8.05
Nyrob,94,RU,1559791901,76,60.74,56.73,54.5,2.37
Cayenne,49,GF,1559791901,94,4.94,-52.33,77.0,2.24
Preili,0,LV,1559791901,91,56.29,26.72,63.5,4.0
Ludvika,65,SE,1559791901,87,60.15,15.18,66.0,3.36
Bila,100,UA,1559791901,80,49.59,25.58,64.99,5.01
Pacific Grove,90,US,1559791826,87,36.62,-121.92,70.0,10.29
Kyabe,100,TD,1559791901,69,9.45,18.94,79.34,9.73
Rocha,100,UY,1559791902,84,-34.48,-54.34,56.12,12.57
Abu Kamal,100,SY,1559791902,18,34.45,40.92,87.98,11.86
Shahreza,1,IR,1559791902,18,32.01,51.87,69.44,1.5
Salinopolis,98,BR,1559791902,77,-0.61,-47.36,81.86,10.76
Srivardhan,100,IN,1559791902,82,18.03,73.02,83.66,5.32
Belaya Gora,2,RU,1559791902,25,68.54,146.19,55.4,6.08
Beira,0,ES,1559791903,76,43.2,-8.36,54.0,9.17
Iskilip,0,TR,1559791903,78,40.73,34.47,57.92,2.17
Sao Joao da Barra,0,BR,1559791903,93,-21.64,-41.05,60.44,3.24
Qaanaaq,80,GL,1559791903,78,77.48,-69.36,24.26,2.37
La Ronge,5,CA,1559791903,44,55.1,-105.3,60.8,2.24
Padang,20,ID,1559791668,70,-0.92,100.36,87.8,3.36
Yinchuan,0,CN,1559791903,17,38.48,106.21,83.48,9.33
Kirakira,80,SB,1559791904,72,-10.46,161.92,85.46,11.81
Kindu,0,CD,1559791904,77,-2.95,25.92,65.48,2.28
Purranque,75,CL,1559791611,100,-40.91,-73.16,48.2,13.87
Puerto Escondido,40,MX,1559791904,78,15.86,-97.07,82.4,6.93
Semme,90,FR,1559791904,100,46.2,1.5,48.99,5.82
Banjar,70,ID,1559791904,60,-7.37,108.54,84.92,3.06
Harper,1,US,1559791905,78,30.3,-99.24,80.01,7.05
Fomboni,15,KM,1559791905,68,-12.28,43.74,82.76,19.35
Kavieng,79,PG,1559791905,71,-2.57,150.8,85.82,8.68
Vila Velha,75,BR,1559791905,74,-3.71,-38.6,82.4,9.17
Houston,90,US,1559791692,100,29.76,-95.37,75.99,4.7
Pietrosita,99,RO,1559791905,94,45.18,25.43,57.99,5.57
Itoman,75,JP,1559791905,79,26.12,127.67,89.6,14.99
Halifax,90,CA,1559791750,100,44.65,-63.58,50.0,6.93
Christchurch,100,NZ,1559791739,58,-43.53,172.64,53.6,5.82
Kudahuvadhoo,100,MV,1559791906,77,2.67,72.89,84.56,15.43
Sokoni,0,CD,1559791906,91,-12.89,28.78,51.08,3.85
Poronaysk,73,RU,1559791906,67,49.22,143.1,58.46,11.36
Ayan,0,TR,1559791906,89,40.67,33.6,53.24,1.61
Mackay,75,CA,1559791906,76,53.65,-115.58,51.8,3.36
Winneba,0,GH,1559791906,88,5.35,-0.62,78.8,11.41
Pevek,46,RU,1559791907,81,69.7,170.27,35.06,6.76
Moron,100,VE,1559791907,82,10.49,-68.2,77.54,2.91
San Miguelito,20,HN,1559791907,78,13.74,-87.49,71.6,4.7
Amga,52,RU,1559791907,42,60.89,131.98,75.56,9.62
Imbituba,75,BR,1559791816,93,-28.24,-48.67,64.4,3.36
Airai,93,TL,1559791907,49,-8.93,125.41,86.36,4.61
Aktau,0,KZ,1559791907,24,43.65,51.16,71.6,11.18
Palmas de Monte Alto,3,BR,1559791908,69,-14.26,-43.16,71.06,9.55
Anju,100,KP,1559791908,72,39.62,125.66,73.58,1.54
Virginia Beach,20,US,1559791546,94,36.85,-75.98,73.99,8.05
Deputatskiy,0,RU,1559791908,32,69.3,139.9,48.56,8.23
Ziniare,0,BF,1559791908,74,12.58,-1.3,80.6,6.93
Inta,89,RU,1559791908,56,66.04,60.13,52.52,2.86
Pinawa,100,CA,1559791908,46,50.15,-95.88,64.99,1.23
Ohangaron,40,UZ,1559791909,64,40.91,69.65,73.4,6.93
Tekkali,97,IN,1559791909,58,18.62,84.23,92.84,15.1
Stirling,90,GB,1559791909,100,56.12,-3.94,52.0,2.24
Barentu,40,ER,1559791909,56,15.11,37.59,80.42,5.75
Kloulklubed,75,PW,1559791909,79,7.04,134.26,84.2,9.17
Paita,37,PE,1559791909,90,-5.09,-81.11,67.1,15.46
Sao Sebastiao,29,BR,1559791910,84,-3.15,-58.36,75.74,0.45
Lleida,0,ES,1559791910,76,41.61,0.63,62.01,2.24
Burley,1,US,1559791910,37,42.54,-113.79,71.6,7.23
Nemuro,40,JP,1559791910,77,43.32,145.57,59.0,9.17
Tuatapere,100,NZ,1559791910,62,-46.13,167.69,52.16,30.51
Rangpur,100,BD,1559791910,65,25.76,89.24,86.54,8.7
Longyearbyen,75,NO,1559791911,86,78.22,15.63,33.8,17.22
Kalabo,0,ZM,1559791911,54,-15.0,22.67,53.06,3.42
Mercedes,98,UY,1559791713,87,-33.25,-58.03,61.34,16.58
Askiz,94,RU,1559791858,61,53.13,90.53,59.36,6.98
Kathu,50,ZA,1559791911,71,-27.7,23.05,36.0,1.83
Aioi,0,JP,1559791911,35,34.81,134.47,84.2,3.36
Shiyan,100,CN,1559791911,18,32.65,110.78,84.99,2.73
Brigantine,90,US,1559791912,83,39.41,-74.36,72.0,12.75
Tezu,15,IN,1559791912,44,27.93,96.16,89.24,3.11
Ebolowa,100,CM,1559791912,99,2.92,11.15,67.1,3.96
Dingle,59,PH,1559791912,43,11.0,122.67,93.74,13.4
Fowa,100,NG,1559791912,89,8.92,6.4,76.28,5.26
Bol,99,TD,1559791912,62,13.47,14.72,82.58,23.53
Vostok,93,RU,1559791912,80,46.45,135.83,64.94,4.68
Torbay,75,CA,1559791913,75,47.66,-52.73,48.99,10.29
Celestun,40,MX,1559791913,76,20.87,-90.4,84.92,13.8
New Ross,100,IE,1559791913,96,52.4,-6.94,46.99,5.99
Yerbogachen,100,RU,1559791913,86,61.28,108.01,54.5,5.7
Plouzane,0,FR,1559791913,93,48.38,-4.62,51.01,2.24
Kez,100,RU,1559791914,88,57.9,53.72,61.7,9.19
Fairview,90,US,1559791914,83,40.81,-74.0,77.0,11.41
Altay,100,CN,1559791915,48,47.83,88.13,60.44,5.61
Garowe,90,SO,1559791909,68,8.41,48.48,77.0,24.43
Santa Rosa,100,AR,1559791837,100,-36.62,-64.29,48.2,1.12
Komsomolskiy,100,RU,1559791916,86,67.55,63.78,32.72,6.2
Flinders,0,AU,1559791916,39,-34.58,150.85,66.0,5.82
Natal,20,BR,1559791917,83,-5.81,-35.21,75.2,8.05
Gulabpura,0,IN,1559791917,36,25.91,74.66,95.72,18.81
Ostrovnoy,6,RU,1559791917,71,68.05,39.51,42.8,0.87
Williston,1,US,1559791898,26,48.15,-103.62,71.6,10.29
Colac,98,AU,1559791917,98,-38.34,143.59,59.0,1.99
Biak,100,ID,1559791917,99,-0.91,122.88,66.38,5.28
Sambava,1,MG,1559791918,95,-14.27,50.17,63.32,4.7
Prince Rupert,1,CA,1559791918,76,54.32,-130.32,53.6,10.29
Castro,90,CL,1559791623,87,-42.48,-73.76,48.2,12.75
Port Hedland,0,AU,1559791919,15,-20.31,118.58,73.4,21.92
Yazykovo,11,RU,1559791919,75,54.3,47.38,61.16,6.8
Henties Bay,0,NA,1559791919,97,-22.12,14.28,53.01,13.15
Omsukchan,73,RU,1559791919,49,62.53,155.8,52.88,14.27
Lebu,61,ET,1559791919,75,8.96,38.73,56.66,1.63
Buta,75,CD,1559791920,99,2.79,24.73,67.82,0.25
Manica,0,MZ,1559791920,57,-18.94,32.88,49.46,2.35
Bay Roberts,75,CA,1559791920,75,47.58,-53.28,48.99,10.29
Darhan,100,MN,1559791920,77,49.49,105.92,47.84,9.33
Thunder Bay,1,CA,1559791920,81,48.41,-89.26,53.01,5.82
Half Moon Bay,90,US,1559791920,93,37.46,-122.43,69.01,10.29
Alice Springs,0,AU,1559791921,37,-23.7,133.88,55.4,19.46
Nueva Loja,36,EC,1559791921,91,0.08,-76.88,67.64,1.79
Kruisfontein,99,ZA,1559791921,86,-34.0,24.73,50.18,13.29
Aksarka,100,RU,1559791921,97,66.56,67.8,32.54,12.73
Mayya,0,RU,1559791921,40,61.74,130.28,73.4,8.95
Ramshir,0,IR,1559791921,74,30.89,49.41,87.8,6.49
Gualaquiza,98,EC,1559791922,99,-3.4,-78.58,50.18,3.42
Zhob,0,PK,1559791922,24,31.34,69.45,70.88,2.51
Inca,20,EC,1559791922,88,-2.0,-80.62,77.0,11.41
Hamilton,90,BM,1559791761,88,32.3,-64.78,75.2,10.29
Mirador,0,BR,1559791922,65,-6.37,-44.36,70.88,1.52
High Level,75,CA,1559791923,66,58.52,-117.13,50.0,5.82
Palmer,20,AU,1559791923,54,-34.85,139.16,60.01,11.41
Bedford,100,GB,1559791923,100,52.14,-0.47,51.8,4.7
Namibe,0,AO,1559791923,69,-15.19,12.15,70.16,9.4
Souillac,0,FR,1559791923,93,45.6,-0.6,51.8,6.51
Santa Ana,0,SV,1559791924,83,13.99,-89.56,77.0,6.93
Saint-Joseph,75,FR,1559791925,82,43.56,6.97,66.2,3.36
Sibolga,100,ID,1559791745,73,1.74,98.78,82.58,2.21
Panaba,51,MX,1559791925,62,21.28,-88.27,83.12,9.6
Pine Bluff,40,US,1559791925,88,34.23,-92.0,77.0,3.36
Acapulco,75,MX,1559791926,78,16.86,-99.88,82.4,2.26
Tessalit,0,ML,1559791926,9,20.2,1.01,89.6,6.82
Leningradskiy,23,RU,1559791926,85,69.38,178.42,35.78,7.27
Ponta Delgada,75,PT,1559791926,93,37.73,-25.67,64.4,14.99
Havoysund,0,NO,1559791926,76,71.0,24.66,50.0,12.75
Bakel,0,SN,1559791926,28,14.9,-12.46,89.42,17.85
Arroyo,90,US,1559791926,100,41.39,-78.88,66.2,4.7
Northam,3,GB,1559791927,92,51.04,-4.21,46.99,1.01
Saint George,20,GR,1559791927,100,39.45,22.34,59.0,3.11
Palu,13,ID,1559791927,58,-0.9,119.87,88.34,4.7
Csenger,1,RO,1559791927,93,47.84,22.68,63.0,5.82
Bandarbeyla,100,SO,1559791927,69,9.49,50.81,79.34,13.11
Poum,40,MK,1559791651,93,41.28,20.71,51.8,2.24
Sijunjung,100,ID,1559791927,75,-0.69,100.95,75.56,1.03
Huercal-Overa,0,ES,1559791928,37,37.39,-1.95,60.01,3.0
Yumen,100,CN,1559791928,20,40.29,97.04,78.08,7.29
Merrill,1,US,1559791928,40,42.03,-121.6,69.8,11.41
Cururupu,44,BR,1559791928,99,-1.82,-44.87,73.04,1.32
Altagracia de Orituco,100,VE,1559791928,98,9.86,-66.38,67.1,0.85
Karratha,0,AU,1559791928,26,-20.74,116.85,74.3,24.92
Deer Lake,90,CA,1559791929,81,49.18,-57.43,48.2,2.24
Nong Khai,75,TH,1559791929,74,17.88,102.75,87.8,4.7
Mantua,1,IT,1559791929,93,45.16,10.79,68.0,3.36
Kaeo,3,NZ,1559791929,94,-35.1,173.78,60.01,15.55
Oranjestad,20,AW,1559791686,78,12.52,-70.03,82.4,19.46
Ishigaki,75,JP,1559791929,84,24.34,124.16,86.0,14.99
Yichang,100,CN,1559791929,52,30.77,111.32,81.68,2.68
Inuvik,40,CA,1559791930,25,68.36,-133.71,62.6,8.05
Egvekinot,89,RU,1559791930,63,66.32,-179.17,52.34,7.2
Aquin,0,HT,1559791930,87,18.28,-73.39,79.0,2.28
Puerto Colombia,75,CO,1559791930,88,10.99,-74.96,82.4,2.24
Beringovskiy,94,RU,1559791930,59,63.05,179.32,54.68,11.14
Najran,0,SA,1559791930,25,17.54,44.22,73.4,3.6
Sabang,93,PH,1559791931,70,13.72,123.58,86.36,8.84
Guaraniacu,0,BR,1559791931,98,-25.1,-52.88,51.26,3.76
Launceston,31,AU,1559791931,66,-41.43,147.14,61.0,6.93
Gayeri,12,BF,1559791931,36,12.65,0.49,92.84,14.52
Goure,89,NE,1559791931,15,13.98,10.27,93.56,6.33
Aleksandrovskoye,0,RU,1559791931,55,56.74,85.39,68.0,6.71
Tautira,75,PF,1559791932,74,-17.73,-149.15,80.6,10.29
Bhag,0,PK,1559791932,11,29.04,67.82,98.6,3.6
Mandan,40,US,1559791822,64,46.83,-100.89,77.0,8.05
Westport,100,IE,1559791932,94,53.8,-9.52,48.99,15.01
Beyneu,23,KZ,1559791932,29,45.32,55.19,70.7,10.4
Bintulu,75,MY,1559791932,70,3.17,113.03,89.6,1.12
Nandyal,32,IN,1559791933,50,15.47,78.48,91.58,16.2
Solnechnyy,5,RU,1559791933,48,50.72,136.64,70.16,4.81
Norsup,20,VU,1559791933,70,-16.07,167.38,84.2,9.17
Milkovo,92,BG,1559791933,87,41.53,24.68,66.0,3.2
Tazmalt,0,DZ,1559791933,82,36.39,4.4,64.4,4.7
Marinette,75,US,1559791933,82,45.1,-87.63,61.0,4.07
Dakar,75,SN,1559791911,88,14.69,-17.45,73.4,6.93
Gorontalo,100,ID,1559791852,84,0.54,123.06,82.04,5.77
Griffith,40,AU,1559791934,67,-34.29,146.06,57.2,9.17
Limon,1,US,1559791934,72,39.26,-103.69,62.01,5.82
Toamasina,75,MG,1559791934,93,-18.17,49.38,66.2,4.7
Port Macquarie,0,AU,1559791934,42,-31.43,152.91,71.01,10.29
Massakory,99,TD,1559791934,44,13.0,15.73,91.22,17.02
Brae,32,GB,1559791934,93,60.4,-1.35,48.2,2.24
Laguna,0,MX,1559791935,61,27.52,-110.01,79.52,6.06
Portland,75,US,1559791412,63,45.52,-122.67,64.99,8.05
Carquefou,0,FR,1559791935,93,47.3,-1.49,51.01,2.24
Gravelbourg,90,CA,1559791935,29,49.88,-106.56,70.7,5.46
Parnamirim,20,BR,1559791935,83,-5.92,-35.27,75.2,8.05
Ramos Arizpe,75,MX,1559791935,49,25.54,-100.95,72.0,4.0
Chihuahua,20,MX,1559791936,29,28.66,-106.08,82.99,3.36
Lutkun,88,RU,1559791936,67,41.48,47.69,55.22,4.14
Grand Gaube,75,MU,1559791936,78,-20.01,57.66,73.4,17.22
Bubaque,0,GW,1559791936,85,11.28,-15.83,78.98,12.1
Duluth,90,US,1559791904,93,46.77,-92.13,55.99,4.12
Nizhniy Kuranakh,34,RU,1559791936,37,58.84,125.49,82.94,1.66
Kupang,40,ID,1559791936,55,-10.16,123.6,86.0,27.51
Koeru,0,EE,1559791937,62,58.97,26.03,69.01,3.76
Sur,0,OM,1559791937,37,22.57,59.53,94.1,7.16
Bathsheba,40,BB,1559791937,78,13.22,-59.52,82.4,13.87
Chingirlau,0,KZ,1559791937,78,51.09,54.08,63.68,8.25
Sehithwa,0,BW,1559791937,37,-20.47,22.7,55.4,4.63
Koslan,100,RU,1559791937,79,63.46,48.9,46.4,10.02
Ovalle,96,CL,1559791937,97,-30.6,-71.2,57.02,8.25
Qaqortoq,100,GL,1559791938,75,60.72,-46.03,42.8,4.7
Raub,98,MY,1559791938,94,3.79,101.85,73.04,1.86
Kahului,40,US,1559791938,46,20.89,-156.47,89.6,17.22
Miedzyrzecz,0,PL,1559791938,77,52.44,15.58,64.4,9.17
Great Yarmouth,100,GB,1559791938,93,52.61,1.73,54.0,5.82
Meulaboh,97,ID,1559791939,76,4.14,96.13,81.86,4.45
Dunedin,78,NZ,1559791939,79,-45.87,170.5,46.99,14.0
Grootfontein,0,NA,1559791939,81,-19.56,18.1,44.6,4.7
Visnes,16,NO,1559791939,93,59.36,5.22,55.0,5.82
Saeby,1,DK,1559791939,91,57.33,10.52,61.0,9.19
Nachingwea,0,TZ,1559791939,88,-10.37,38.76,63.86,3.38
Ouesso,94,CG,1559791940,97,1.61,16.05,70.88,2.66
Yabrud,0,SY,1559791940,30,33.97,36.66,71.6,3.58
Fort Nelson,75,CA,1559791940,71,58.81,-122.69,50.0,8.05
Nuuk,90,GL,1559791940,56,64.17,-51.74,42.8,3.36
Pidhorodne,0,UA,1559791940,72,48.57,35.1,60.8,8.95
Plettenberg Bay,100,ZA,1559791940,88,-34.05,23.37,49.46,9.55
Abu Samrah,6,SY,1559791941,32,35.3,37.18,76.28,5.19
Amzya,100,RU,1559791941,81,56.24,54.39,63.86,9.91
Krasnyy Chikoy,100,RU,1559791941,45,50.36,108.75,53.96,6.6
Katete,100,UG,1559791941,90,-0.78,29.75,63.32,2.15
Walvis Bay,0,NA,1559791941,93,-22.95,14.51,53.01,4.7
Bay-Khaak,0,RU,1559791941,39,51.16,94.47,63.14,8.46
Ancud,90,CL,1559791942,87,-41.87,-73.83,48.2,12.75
Moose Factory,1,CA,1559791942,86,51.26,-80.61,39.2,5.82
Katobu,68,ID,1559791942,61,-4.94,122.53,86.18,6.35
Newport,20,GB,1559791942,93,51.59,-3.0,48.99,4.7
Uzice,90,RS,1559791943,100,43.86,19.84,59.0,2.24
Tura,98,IN,1559791943,62,25.52,90.21,87.08,5.95
Kang,0,BW,1559791944,35,-23.67,22.79,50.72,5.88
San Angelo,1,US,1559791944,83,31.46,-100.44,75.2,7.94
Paragominas,94,BR,1559791944,96,-3.0,-47.35,72.86,3.31
Jalu,0,LY,1559791944,35,29.03,21.55,77.72,8.1
Port Hardy,75,CA,1559791944,71,50.7,-127.42,53.6,9.17
Sesheke,0,NA,1559791944,42,-17.47,24.29,39.2,1.32
Port Maria,20,JM,1559791944,66,18.37,-76.89,84.2,11.41
Helena,1,US,1559791815,23,46.59,-112.04,75.2,6.93
Ipil,21,PH,1559791945,58,7.78,122.59,88.88,3.56
Hervey Bay,100,AU,1559791945,56,-25.3,152.85,70.0,13.87
Buritama,0,BR,1559791945,80,-21.07,-50.14,57.92,8.84
Guiglo,100,CI,1559791945,99,6.55,-7.5,71.06,2.04
Gwadar,67,PK,1559791946,81,25.12,62.33,86.0,7.96
